﻿<parameters>
  <parameter name="IIS Web Application Name" defaultValue="Default Web Site/" tags="IisApp">
    <parameterEntry kind="ProviderPath" scope="IisApp" match="^C:\\Users\\dwitherspoon\\Documents\\Visual\ Studio\ 2013\\Projects\\RealRMS\\RealRMS\\obj\\Debug\\Package\\PackageTmp$" />
    <parameterEntry kind="ProviderPath" scope="setAcl" match="^C:\\Users\\dwitherspoon\\Documents\\Visual\ Studio\ 2013\\Projects\\RealRMS\\RealRMS\\obj\\Debug\\Package\\PackageTmp$" />
  </parameter>
  <parameter name="DefaultConnection-Web.config Connection String" description="DefaultConnection Connection String used in web.config by the application to access the database." defaultValue="Server=tcp:derrickw.database.windows.net,1433;Database=RMS.Restaurant1;User ID=sqluser@derrickw;Password=d33zNutz;Encrypt=True;TrustServerCertificate=False;Connection Timeout=30;" tags="SqlConnectionString">
    <parameterEntry kind="XmlFile" scope="C:\\Users\\dwitherspoon\\Documents\\Visual\ Studio\ 2013\\Projects\\RealRMS\\RealRMS\\obj\\Debug\\Package\\PackageTmp\\Web\.config$" match="/configuration/connectionStrings/add[@name='DefaultConnection']/@connectionString" />
  </parameter>
  <parameter name="ProductionConnection-Web.config Connection String" description="ProductionConnection Connection String used in web.config by the application to access the database." defaultValue="Data Source=rmsdbinstance.cyja3ne1p4bj.us-west-2.rds.amazonaws.com,1433;Database=RMS;User Id=administrator;Password=password;MultipleActiveResultSets=True" tags="SqlConnectionString">
    <parameterEntry kind="XmlFile" scope="C:\\Users\\dwitherspoon\\Documents\\Visual\ Studio\ 2013\\Projects\\RealRMS\\RealRMS\\obj\\Debug\\Package\\PackageTmp\\Web\.config$" match="/configuration/connectionStrings/add[@name='ProductionConnection']/@connectionString" />
  </parameter>
</parameters>